[{
    "image": "<img src='src/assets/images/image-for-news-1.jpg'>",
    "headline": "<a href='./index.html'>Poligraphy 2023. The best style ever</a>"
}, {
    "image": "<img src='src/assets/images/image-for-news-2.jpg'>",
    "headline": "<a href='./index.html'>History of Abstract: The Fashion in marketing</a>"
}, {
    "image": "<img src='src/assets/images/image-for-news-3.jpg'>",
    "headline": "<a href='./index.html'>Student in 2023. How will a future student changes</a>"
}, {
    "image": "<img src='src/assets/images/image-for-news-4.jpg'>",
    "headline": "<a href='./index.html'>New book about photography. Book of Isaiah</a>"
}, {
    "image": "<img src='src/assets/images/image-for-news-5.jpg'>",
    "headline": "<a href='./index.html'>Travel to Mexico. Who will go and why</a>"
}, {
    "image": "<img src='src/assets/images/image-for-news-6.jpg'>",
    "headline": "<a href='./index.html'>New disciplines</a>"
}, {
    "image": "<img src='src/assets/images/image-for-news-7.jpg'>",
    "headline": "<a href='./index.html'>Octopus dances in films</a>"
}, {
    "image": "<img src='src/assets/images/image-for-news-8.jpg'>",
    "headline": "<a href='./index.html'>Fugue of five contemporary abstract artists</a>"
}, {
    "image": "<img src='src/assets/images/image-for-news-9.jpg'>",
    "headline": "<a href='./index.html'>Notre Dame Cathedral will welcome visitors again</a>"
}, {
    "image": "<img src='src/assets/images/image-for-news-10.jpg'>",
    "headline": "<a href='./index.html'>Inside Gaudí: Retrospective in Orsay</a>"
}, {
    "image": "<img src='src/assets/images/image-for-news-11.jpg'>",
    "headline": "<a href='./index.html'>French contemporary art star Sophie Kahl</a>"
}, {
    "image": "<img src='src/assets/images/image-for-news-12.jpg'>",
    "headline": "<a href='./index.html'>Grand Palais Exhibition Palace reopens</a>"
}, {
    "image": "<img src='src/assets/images/image-for-news-13.jpg'>",
    "headline": "<a href='./index.html'>The long-awaited retrospective of Georg Baselitz</a>"
}, {
    "image": "<img src='src/assets/images/image-for-news-14.jpg'>",
    "headline": "<a href='./index.html'>Louvre attendance drops to 1986 levels</a>"
}, {
    "image": "<img src='src/assets/images/image-for-news-15.jpg'>",
    "headline": "<a href='./index.html'>Carnavalet Museum reopens</a>"
}, {
    "image": "<img src='src/assets/images/image-for-news-16.jpg'>",
    "headline": "<a href='./index.html'>Closing of the Pompidou Center for renovations will be postponed</a>"
}]